path	classification	rationale
.gitignore	UNCHANGED_UPSTREAM	Merged from the exact LiveContext v0.2.14 ancestry with no PR25-specific adaptation
README.md	TRINYX_ADAPTATION_REQUIRED	Trinyx product/release documentation overlay
backend/agent-common/src/main/java/com/apimarketplace/agent/domain/ToolParameter.java	UNCHANGED_UPSTREAM	Merged from the exact LiveContext v0.2.14 ancestry with no PR25-specific adaptation
backend/agent-common/src/main/java/com/apimarketplace/agent/prompt/DefaultSystemPrompts.java	UNCHANGED_UPSTREAM	Merged from the exact LiveContext v0.2.14 ancestry with no PR25-specific adaptation
backend/agent-common/src/main/java/com/apimarketplace/agent/registry/AgentToolDefinition.java	UNCHANGED_UPSTREAM	Merged from the exact LiveContext v0.2.14 ancestry with no PR25-specific adaptation
backend/agent-common/src/main/java/com/apimarketplace/agent/registry/ToolSchemaGenerator.java	UNCHANGED_UPSTREAM	Merged from the exact LiveContext v0.2.14 ancestry with no PR25-specific adaptation
backend/agent-service/src/main/java/com/apimarketplace/agent/service/cli/CliAgentService.java	UNCHANGED_UPSTREAM	Merged from the exact LiveContext v0.2.14 ancestry with no PR25-specific adaptation
backend/agent-service/src/main/java/com/apimarketplace/agent/service/execution/CoreToolsCache.java	UNCHANGED_UPSTREAM	Merged from the exact LiveContext v0.2.14 ancestry with no PR25-specific adaptation
backend/agent-service/src/main/java/com/apimarketplace/agent/tools/agent/AgentToolsProvider.java	UNCHANGED_UPSTREAM	Merged from the exact LiveContext v0.2.14 ancestry with no PR25-specific adaptation
backend/agent-service/src/test/java/com/apimarketplace/agent/service/cli/CliAgentServiceTest.java	UNCHANGED_UPSTREAM	Merged from the exact LiveContext v0.2.14 ancestry with no PR25-specific adaptation
backend/agent-service/src/test/java/com/apimarketplace/agent/service/execution/CoreToolsCacheTest.java	UNCHANGED_UPSTREAM	Merged from the exact LiveContext v0.2.14 ancestry with no PR25-specific adaptation
backend/auth-service/src/main/java/com/apimarketplace/auth/domain/CeInstall.java	UNCHANGED_UPSTREAM	Merged from the exact LiveContext v0.2.14 ancestry with no PR25-specific adaptation
backend/auth-service/src/main/java/com/apimarketplace/auth/domain/CeInstallPing.java	UNCHANGED_UPSTREAM	Merged from the exact LiveContext v0.2.14 ancestry with no PR25-specific adaptation
backend/auth-service/src/main/java/com/apimarketplace/auth/repository/CeInstallPingRepository.java	UNCHANGED_UPSTREAM	Merged from the exact LiveContext v0.2.14 ancestry with no PR25-specific adaptation
backend/auth-service/src/main/java/com/apimarketplace/auth/repository/CeInstallRepository.java	UNCHANGED_UPSTREAM	Merged from the exact LiveContext v0.2.14 ancestry with no PR25-specific adaptation
backend/auth-service/src/main/java/com/apimarketplace/auth/web/VersionController.java	UNCHANGED_UPSTREAM	Merged from the exact LiveContext v0.2.14 ancestry with no PR25-specific adaptation
backend/auth-service/src/main/java/com/apimarketplace/auth/web/VersionInfo.java	UNCHANGED_UPSTREAM	Merged from the exact LiveContext v0.2.14 ancestry with no PR25-specific adaptation
backend/auth-service/src/main/java/com/apimarketplace/auth/web/version/CeFleetReader.java	UNCHANGED_UPSTREAM	Merged from the exact LiveContext v0.2.14 ancestry with no PR25-specific adaptation
backend/auth-service/src/main/java/com/apimarketplace/auth/web/version/CeInstallFleetMetrics.java	UNCHANGED_UPSTREAM	Merged from the exact LiveContext v0.2.14 ancestry with no PR25-specific adaptation
backend/auth-service/src/main/java/com/apimarketplace/auth/web/version/CeInstallHeaders.java	UNCHANGED_UPSTREAM	Merged from the exact LiveContext v0.2.14 ancestry with no PR25-specific adaptation
backend/auth-service/src/main/java/com/apimarketplace/auth/web/version/CeInstallIdProvider.java	UNCHANGED_UPSTREAM	Merged from the exact LiveContext v0.2.14 ancestry with no PR25-specific adaptation
backend/auth-service/src/main/java/com/apimarketplace/auth/web/version/CeInstallPingRecorder.java	UNCHANGED_UPSTREAM	Merged from the exact LiveContext v0.2.14 ancestry with no PR25-specific adaptation
backend/auth-service/src/main/java/com/apimarketplace/auth/web/version/CeInstallPingRetentionScheduler.java	UNCHANGED_UPSTREAM	Merged from the exact LiveContext v0.2.14 ancestry with no PR25-specific adaptation
backend/auth-service/src/main/java/com/apimarketplace/auth/web/version/CeInstallStatsController.java	UNCHANGED_UPSTREAM	Merged from the exact LiveContext v0.2.14 ancestry with no PR25-specific adaptation
backend/auth-service/src/main/java/com/apimarketplace/auth/web/version/CeReleaseAnnounceController.java	UNCHANGED_UPSTREAM	Merged from the exact LiveContext v0.2.14 ancestry with no PR25-specific adaptation
backend/auth-service/src/main/java/com/apimarketplace/auth/web/version/CeReleaseController.java	UNCHANGED_UPSTREAM	Merged from the exact LiveContext v0.2.14 ancestry with no PR25-specific adaptation
backend/auth-service/src/main/java/com/apimarketplace/auth/web/version/CeVersionCheckScheduler.java	UNCHANGED_UPSTREAM	Merged from the exact LiveContext v0.2.14 ancestry with no PR25-specific adaptation
backend/auth-service/src/main/java/com/apimarketplace/auth/web/version/HttpReleaseFeedClient.java	TRINYX_ADAPTATION_REQUIRED	Trinyx release feed plus upstream optional CE install-id contract
backend/auth-service/src/main/java/com/apimarketplace/auth/web/version/InternalAuthSecret.java	UNCHANGED_UPSTREAM	Merged from the exact LiveContext v0.2.14 ancestry with no PR25-specific adaptation
backend/auth-service/src/test/java/com/apimarketplace/auth/repository/CeInstallPingRepositoryPersistenceTest.java	UNCHANGED_UPSTREAM	Merged from the exact LiveContext v0.2.14 ancestry with no PR25-specific adaptation
backend/auth-service/src/test/java/com/apimarketplace/auth/repository/CeInstallPingSqlPostgresTest.java	UNCHANGED_UPSTREAM	Merged from the exact LiveContext v0.2.14 ancestry with no PR25-specific adaptation
backend/auth-service/src/test/java/com/apimarketplace/auth/repository/CeInstallRepositoryPersistenceTest.java	UNCHANGED_UPSTREAM	Merged from the exact LiveContext v0.2.14 ancestry with no PR25-specific adaptation
backend/auth-service/src/test/java/com/apimarketplace/auth/web/VersionControllerTest.java	UNCHANGED_UPSTREAM	Merged from the exact LiveContext v0.2.14 ancestry with no PR25-specific adaptation
backend/auth-service/src/test/java/com/apimarketplace/auth/web/version/CeFleetReaderTest.java	UNCHANGED_UPSTREAM	Merged from the exact LiveContext v0.2.14 ancestry with no PR25-specific adaptation
backend/auth-service/src/test/java/com/apimarketplace/auth/web/version/CeInstallFleetMetricsTest.java	UNCHANGED_UPSTREAM	Merged from the exact LiveContext v0.2.14 ancestry with no PR25-specific adaptation
backend/auth-service/src/test/java/com/apimarketplace/auth/web/version/CeInstallIdProviderTest.java	UNCHANGED_UPSTREAM	Merged from the exact LiveContext v0.2.14 ancestry with no PR25-specific adaptation
backend/auth-service/src/test/java/com/apimarketplace/auth/web/version/CeInstallPingRecorderTest.java	UNCHANGED_UPSTREAM	Merged from the exact LiveContext v0.2.14 ancestry with no PR25-specific adaptation
backend/auth-service/src/test/java/com/apimarketplace/auth/web/version/CeInstallPingRetentionSchedulerTest.java	UNCHANGED_UPSTREAM	Merged from the exact LiveContext v0.2.14 ancestry with no PR25-specific adaptation
backend/auth-service/src/test/java/com/apimarketplace/auth/web/version/CeInstallStatsControllerTest.java	UNCHANGED_UPSTREAM	Merged from the exact LiveContext v0.2.14 ancestry with no PR25-specific adaptation
backend/auth-service/src/test/java/com/apimarketplace/auth/web/version/CeInstallTelemetryGatingTest.java	UNCHANGED_UPSTREAM	Merged from the exact LiveContext v0.2.14 ancestry with no PR25-specific adaptation
backend/auth-service/src/test/java/com/apimarketplace/auth/web/version/CeReleaseControllerTest.java	UNCHANGED_UPSTREAM	Merged from the exact LiveContext v0.2.14 ancestry with no PR25-specific adaptation
backend/auth-service/src/test/java/com/apimarketplace/auth/web/version/CeReleaseEndpointWiringTest.java	UNCHANGED_UPSTREAM	Merged from the exact LiveContext v0.2.14 ancestry with no PR25-specific adaptation
backend/auth-service/src/test/java/com/apimarketplace/auth/web/version/CeReleaseFeedSightingTest.java	UNCHANGED_UPSTREAM	Merged from the exact LiveContext v0.2.14 ancestry with no PR25-specific adaptation
backend/auth-service/src/test/java/com/apimarketplace/auth/web/version/CeReleasePropertyBindingTest.java	UNCHANGED_UPSTREAM	Merged from the exact LiveContext v0.2.14 ancestry with no PR25-specific adaptation
backend/auth-service/src/test/java/com/apimarketplace/auth/web/version/CeVersionCheckSchedulerTest.java	UNCHANGED_UPSTREAM	Merged from the exact LiveContext v0.2.14 ancestry with no PR25-specific adaptation
backend/auth-service/src/test/java/com/apimarketplace/auth/web/version/HttpReleaseFeedClientInstallIdTest.java	UNCHANGED_UPSTREAM	Merged from the exact LiveContext v0.2.14 ancestry with no PR25-specific adaptation
backend/catalog-service/src/main/resources/catalog-seeds/generation-seed.json	UNCHANGED_UPSTREAM	Merged from the exact LiveContext v0.2.14 ancestry with no PR25-specific adaptation
backend/common-storage-service/src/main/java/com/apimarketplace/common/storage/signing/ShowcaseUrlSigner.java	UNCHANGED_UPSTREAM	Merged from the exact LiveContext v0.2.14 ancestry with no PR25-specific adaptation
backend/common-storage-service/src/main/java/com/apimarketplace/common/storage/url/FileProxyUrls.java	UNCHANGED_UPSTREAM	Merged from the exact LiveContext v0.2.14 ancestry with no PR25-specific adaptation
backend/common-storage-service/src/main/java/com/apimarketplace/common/storage/url/StorageKeys.java	UNCHANGED_UPSTREAM	Merged from the exact LiveContext v0.2.14 ancestry with no PR25-specific adaptation
backend/common-storage-service/src/test/java/com/apimarketplace/common/storage/signing/ShowcaseUrlSignerTest.java	UNCHANGED_UPSTREAM	Merged from the exact LiveContext v0.2.14 ancestry with no PR25-specific adaptation
backend/common-storage-service/src/test/java/com/apimarketplace/common/storage/url/FileProxyUrlsTest.java	UNCHANGED_UPSTREAM	Merged from the exact LiveContext v0.2.14 ancestry with no PR25-specific adaptation
backend/common-storage-service/src/test/java/com/apimarketplace/common/storage/url/StorageKeysTest.java	UNCHANGED_UPSTREAM	Merged from the exact LiveContext v0.2.14 ancestry with no PR25-specific adaptation
backend/conversation-service/src/main/java/com/apimarketplace/conversation/service/ai/CoreToolsProvider.java	UNCHANGED_UPSTREAM	Merged from the exact LiveContext v0.2.14 ancestry with no PR25-specific adaptation
backend/conversation-service/src/test/java/com/apimarketplace/conversation/service/ai/CoreToolsProviderTest.java	UNCHANGED_UPSTREAM	Merged from the exact LiveContext v0.2.14 ancestry with no PR25-specific adaptation
backend/datasource-service/src/main/java/com/apimarketplace/datasource/crud/service/ColumnValueCoercer.java	UNCHANGED_UPSTREAM	Merged from the exact LiveContext v0.2.14 ancestry with no PR25-specific adaptation
backend/datasource-service/src/main/java/com/apimarketplace/datasource/crud/service/CrudExecutorService.java	UNCHANGED_UPSTREAM	Merged from the exact LiveContext v0.2.14 ancestry with no PR25-specific adaptation
backend/datasource-service/src/main/java/com/apimarketplace/datasource/services/DataSourceExportService.java	UNCHANGED_UPSTREAM	Merged from the exact LiveContext v0.2.14 ancestry with no PR25-specific adaptation
backend/datasource-service/src/main/java/com/apimarketplace/datasource/tools/datasource/DataSourceTableModule.java	UNCHANGED_UPSTREAM	Merged from the exact LiveContext v0.2.14 ancestry with no PR25-specific adaptation
backend/datasource-service/src/main/java/com/apimarketplace/datasource/tools/datasource/DataSourceToolsProvider.java	UNCHANGED_UPSTREAM	Merged from the exact LiveContext v0.2.14 ancestry with no PR25-specific adaptation
backend/datasource-service/src/test/java/com/apimarketplace/datasource/crud/service/ColumnValueCoercerTest.java	UNCHANGED_UPSTREAM	Merged from the exact LiveContext v0.2.14 ancestry with no PR25-specific adaptation
backend/datasource-service/src/test/java/com/apimarketplace/datasource/crud/service/CrudExecutorServiceTest.java	UNCHANGED_UPSTREAM	Merged from the exact LiveContext v0.2.14 ancestry with no PR25-specific adaptation
backend/interface-service/src/main/java/com/apimarketplace/interfaces/tools/InterfaceToolsProvider.java	UNCHANGED_UPSTREAM	Merged from the exact LiveContext v0.2.14 ancestry with no PR25-specific adaptation
backend/migration-service/src/main/resources/db/migration/V454__ce_install_telemetry.sql	UNCHANGED_UPSTREAM	Merged from the exact LiveContext v0.2.14 ancestry with no PR25-specific adaptation
backend/migration-service/src/main/resources/db/migration/V455__repair_table_media_cells.sql	UNCHANGED_UPSTREAM	Merged from the exact LiveContext v0.2.14 ancestry with no PR25-specific adaptation
backend/migration-service/src/main/resources/db/migration/V456__merge_docs_state_the_all_skipped_rule.sql	UNCHANGED_UPSTREAM	Merged from the exact LiveContext v0.2.14 ancestry with no PR25-specific adaptation
backend/monolith-service/src/main/java/com/apimarketplace/monolith/storage/MonolithFileStorageServiceAdapter.java	UNCHANGED_UPSTREAM	Merged from the exact LiveContext v0.2.14 ancestry with no PR25-specific adaptation
backend/orchestrator-service/pom.xml	UNCHANGED_UPSTREAM	Merged from the exact LiveContext v0.2.14 ancestry with no PR25-specific adaptation
backend/orchestrator-service/src/main/java/com/apimarketplace/orchestrator/controllers/dto/WorkflowRelationRef.java	UNCHANGED_UPSTREAM	Merged from the exact LiveContext v0.2.14 ancestry with no PR25-specific adaptation
backend/orchestrator-service/src/main/java/com/apimarketplace/orchestrator/controllers/dto/WorkflowRelations.java	UNCHANGED_UPSTREAM	Merged from the exact LiveContext v0.2.14 ancestry with no PR25-specific adaptation
backend/orchestrator-service/src/main/java/com/apimarketplace/orchestrator/controllers/workflow/WorkflowRelationController.java	UNCHANGED_UPSTREAM	Merged from the exact LiveContext v0.2.14 ancestry with no PR25-specific adaptation
backend/orchestrator-service/src/main/java/com/apimarketplace/orchestrator/domain/file/FileRef.java	UNCHANGED_UPSTREAM	Merged from the exact LiveContext v0.2.14 ancestry with no PR25-specific adaptation
backend/orchestrator-service/src/main/java/com/apimarketplace/orchestrator/domain/file/FileRefScanner.java	UNCHANGED_UPSTREAM	Merged from the exact LiveContext v0.2.14 ancestry with no PR25-specific adaptation
backend/orchestrator-service/src/main/java/com/apimarketplace/orchestrator/domain/workflow/BackEdgeSpecs.java	UNCHANGED_UPSTREAM	Merged from the exact LiveContext v0.2.14 ancestry with no PR25-specific adaptation
backend/orchestrator-service/src/main/java/com/apimarketplace/orchestrator/execution/v2/adhoc/AdHocNodeExecutionService.java	UNCHANGED_UPSTREAM	Merged from the exact LiveContext v0.2.14 ancestry with no PR25-specific adaptation
backend/orchestrator-service/src/main/java/com/apimarketplace/orchestrator/execution/v2/adhoc/AdHocNodeResult.java	UNCHANGED_UPSTREAM	Merged from the exact LiveContext v0.2.14 ancestry with no PR25-specific adaptation
backend/orchestrator-service/src/main/java/com/apimarketplace/orchestrator/execution/v2/engine/BackEdgeHandler.java	UNCHANGED_UPSTREAM	Merged from the exact LiveContext v0.2.14 ancestry with no PR25-specific adaptation
backend/orchestrator-service/src/main/java/com/apimarketplace/orchestrator/execution/v2/engine/ExecutionContext.java	UNCHANGED_UPSTREAM	Merged from the exact LiveContext v0.2.14 ancestry with no PR25-specific adaptation
backend/orchestrator-service/src/main/java/com/apimarketplace/orchestrator/execution/v2/engine/UnifiedExecutionEngine.java	UNCHANGED_UPSTREAM	Merged from the exact LiveContext v0.2.14 ancestry with no PR25-specific adaptation
backend/orchestrator-service/src/main/java/com/apimarketplace/orchestrator/execution/v2/services/MergeReachabilityGuard.java	UNCHANGED_UPSTREAM	Merged from the exact LiveContext v0.2.14 ancestry with no PR25-specific adaptation
backend/orchestrator-service/src/main/java/com/apimarketplace/orchestrator/execution/v2/services/ReadyNodeCalculator.java	UNCHANGED_UPSTREAM	Merged from the exact LiveContext v0.2.14 ancestry with no PR25-specific adaptation
backend/orchestrator-service/src/main/java/com/apimarketplace/orchestrator/execution/v2/services/V2StepByStepContextManager.java	UNCHANGED_UPSTREAM	Merged from the exact LiveContext v0.2.14 ancestry with no PR25-specific adaptation
backend/orchestrator-service/src/main/java/com/apimarketplace/orchestrator/persistence/WorkflowStepDataRepository.java	UNCHANGED_UPSTREAM	Merged from the exact LiveContext v0.2.14 ancestry with no PR25-specific adaptation
backend/orchestrator-service/src/main/java/com/apimarketplace/orchestrator/repository/WorkflowRepository.java	UNCHANGED_UPSTREAM	Merged from the exact LiveContext v0.2.14 ancestry with no PR25-specific adaptation
backend/orchestrator-service/src/main/java/com/apimarketplace/orchestrator/services/TemplateEngine.java	UNCHANGED_UPSTREAM	Merged from the exact LiveContext v0.2.14 ancestry with no PR25-specific adaptation
backend/orchestrator-service/src/main/java/com/apimarketplace/orchestrator/services/WorkflowRelationService.java	UNCHANGED_UPSTREAM	Merged from the exact LiveContext v0.2.14 ancestry with no PR25-specific adaptation
backend/orchestrator-service/src/main/java/com/apimarketplace/orchestrator/services/context/StepOutputsWriter.java	UNCHANGED_UPSTREAM	Merged from the exact LiveContext v0.2.14 ancestry with no PR25-specific adaptation
backend/orchestrator-service/src/main/java/com/apimarketplace/orchestrator/services/publication/ShowcaseSnapshotBuilder.java	UNCHANGED_UPSTREAM	Merged from the exact LiveContext v0.2.14 ancestry with no PR25-specific adaptation
backend/orchestrator-service/src/main/java/com/apimarketplace/orchestrator/tools/workflow/WorkflowHelpProvider.java	UNCHANGED_UPSTREAM	Merged from the exact LiveContext v0.2.14 ancestry with no PR25-specific adaptation
backend/orchestrator-service/src/main/java/com/apimarketplace/orchestrator/tools/workflow/builder/WorkflowBuilderHelpModule.java	UNCHANGED_UPSTREAM	Merged from the exact LiveContext v0.2.14 ancestry with no PR25-specific adaptation
backend/orchestrator-service/src/main/java/com/apimarketplace/orchestrator/tools/workflow/builder/WorkflowBuilderProvider.java	UNCHANGED_UPSTREAM	Merged from the exact LiveContext v0.2.14 ancestry with no PR25-specific adaptation
backend/orchestrator-service/src/main/java/com/apimarketplace/orchestrator/tools/workflow/builder/WorkflowBuilderToolDefinitionFactory.java	UNCHANGED_UPSTREAM	Merged from the exact LiveContext v0.2.14 ancestry with no PR25-specific adaptation
backend/orchestrator-service/src/main/java/com/apimarketplace/orchestrator/tools/workflow/builder/creators/ForkMergeNodeCreator.java	UNCHANGED_UPSTREAM	Merged from the exact LiveContext v0.2.14 ancestry with no PR25-specific adaptation
backend/orchestrator-service/src/main/java/com/apimarketplace/orchestrator/tools/workflow/builder/validation/BackEdgeSafetyValidator.java	UNCHANGED_UPSTREAM	Merged from the exact LiveContext v0.2.14 ancestry with no PR25-specific adaptation
backend/orchestrator-service/src/main/java/com/apimarketplace/orchestrator/tools/workflow/builder/validation/ValidationGraphAnalyzer.java	UNCHANGED_UPSTREAM	Merged from the exact LiveContext v0.2.14 ancestry with no PR25-specific adaptation
backend/orchestrator-service/src/test/java/com/apimarketplace/orchestrator/archunit/StepOutputsWriterUsageTest.java	UNCHANGED_UPSTREAM	Merged from the exact LiveContext v0.2.14 ancestry with no PR25-specific adaptation
backend/orchestrator-service/src/test/java/com/apimarketplace/orchestrator/controllers/dto/WorkflowRelationsJsonTest.java	UNCHANGED_UPSTREAM	Merged from the exact LiveContext v0.2.14 ancestry with no PR25-specific adaptation
backend/orchestrator-service/src/test/java/com/apimarketplace/orchestrator/domain/file/FileRefScannerTest.java	UNCHANGED_UPSTREAM	Merged from the exact LiveContext v0.2.14 ancestry with no PR25-specific adaptation
backend/orchestrator-service/src/test/java/com/apimarketplace/orchestrator/execution/v2/adhoc/AdHocNodeExecutionServiceBatchTest.java	UNCHANGED_UPSTREAM	Merged from the exact LiveContext v0.2.14 ancestry with no PR25-specific adaptation
backend/orchestrator-service/src/test/java/com/apimarketplace/orchestrator/execution/v2/engine/ExecutionContextTest.java	UNCHANGED_UPSTREAM	Merged from the exact LiveContext v0.2.14 ancestry with no PR25-specific adaptation
backend/orchestrator-service/src/test/java/com/apimarketplace/orchestrator/execution/v2/engine/UnifiedExecutionEngineUnreachableMergeTest.java	UNCHANGED_UPSTREAM	Merged from the exact LiveContext v0.2.14 ancestry with no PR25-specific adaptation
backend/orchestrator-service/src/test/java/com/apimarketplace/orchestrator/execution/v2/services/MergeReachabilityGuardTest.java	UNCHANGED_UPSTREAM	Merged from the exact LiveContext v0.2.14 ancestry with no PR25-specific adaptation
backend/orchestrator-service/src/test/java/com/apimarketplace/orchestrator/integration/repository/WorkflowStepDataRepositoryIntegrationTest.java	UNCHANGED_UPSTREAM	Merged from the exact LiveContext v0.2.14 ancestry with no PR25-specific adaptation
backend/orchestrator-service/src/test/java/com/apimarketplace/orchestrator/persistence/SubWorkflowEdgeQueryPostgresTest.java	UNCHANGED_UPSTREAM	Merged from the exact LiveContext v0.2.14 ancestry with no PR25-specific adaptation
backend/orchestrator-service/src/test/java/com/apimarketplace/orchestrator/services/TemplateEngineTest.java	UNCHANGED_UPSTREAM	Merged from the exact LiveContext v0.2.14 ancestry with no PR25-specific adaptation
backend/orchestrator-service/src/test/java/com/apimarketplace/orchestrator/services/WorkflowRelationServiceTest.java	UNCHANGED_UPSTREAM	Merged from the exact LiveContext v0.2.14 ancestry with no PR25-specific adaptation
backend/orchestrator-service/src/test/java/com/apimarketplace/orchestrator/services/context/StepOutputsWriterTest.java	UNCHANGED_UPSTREAM	Merged from the exact LiveContext v0.2.14 ancestry with no PR25-specific adaptation
backend/orchestrator-service/src/test/java/com/apimarketplace/orchestrator/services/publication/ShowcaseSnapshotBuilderEdgeCountsTest.java	UNCHANGED_UPSTREAM	Merged from the exact LiveContext v0.2.14 ancestry with no PR25-specific adaptation
backend/orchestrator-service/src/test/java/com/apimarketplace/orchestrator/services/publication/ShowcaseSnapshotBuilderScrubTest.java	UNCHANGED_UPSTREAM	Merged from the exact LiveContext v0.2.14 ancestry with no PR25-specific adaptation
backend/orchestrator-service/src/test/java/com/apimarketplace/orchestrator/services/publication/ShowcaseSnapshotBuilderStepFilesTest.java	UNCHANGED_UPSTREAM	Merged from the exact LiveContext v0.2.14 ancestry with no PR25-specific adaptation
backend/orchestrator-service/src/test/java/com/apimarketplace/orchestrator/tools/workflow/builder/RunNodeBatchParamNameTest.java	UNCHANGED_UPSTREAM	Merged from the exact LiveContext v0.2.14 ancestry with no PR25-specific adaptation
backend/orchestrator-service/src/test/java/com/apimarketplace/orchestrator/tools/workflow/builder/RunNodeBatchTest.java	UNCHANGED_UPSTREAM	Merged from the exact LiveContext v0.2.14 ancestry with no PR25-specific adaptation
backend/orchestrator-service/src/test/java/com/apimarketplace/orchestrator/tools/workflow/builder/validation/BackEdgeSafetyValidatorTest.java	UNCHANGED_UPSTREAM	Merged from the exact LiveContext v0.2.14 ancestry with no PR25-specific adaptation
backend/publication-service/src/main/java/com/apimarketplace/publication/controller/CeDownloadController.java	UNCHANGED_UPSTREAM	Merged from the exact LiveContext v0.2.14 ancestry with no PR25-specific adaptation
backend/publication-service/src/main/java/com/apimarketplace/publication/controller/InternalPublicationController.java	UNCHANGED_UPSTREAM	Merged from the exact LiveContext v0.2.14 ancestry with no PR25-specific adaptation
backend/publication-service/src/main/java/com/apimarketplace/publication/controller/RemoteMarketplaceController.java	TRINYX_ADAPTATION_ALREADY_COMPATIBLE	Upstream controller semantics remain canonical; Trinyx remote/local marketplace gating already composes around them
backend/publication-service/src/main/java/com/apimarketplace/publication/controller/WorkflowPublicationController.java	UNCHANGED_UPSTREAM	Merged from the exact LiveContext v0.2.14 ancestry with no PR25-specific adaptation
backend/publication-service/src/main/java/com/apimarketplace/publication/domain/WorkflowPublicationEntity.java	UNCHANGED_UPSTREAM	Merged from the exact LiveContext v0.2.14 ancestry with no PR25-specific adaptation
backend/publication-service/src/main/java/com/apimarketplace/publication/service/AgentPublicationService.java	UNCHANGED_UPSTREAM	Merged from the exact LiveContext v0.2.14 ancestry with no PR25-specific adaptation
backend/publication-service/src/main/java/com/apimarketplace/publication/service/LandingInterfaceSnapshotter.java	UNCHANGED_UPSTREAM	Merged from the exact LiveContext v0.2.14 ancestry with no PR25-specific adaptation
backend/publication-service/src/main/java/com/apimarketplace/publication/service/PublicationFileUrlResolver.java	UNCHANGED_UPSTREAM	Merged from the exact LiveContext v0.2.14 ancestry with no PR25-specific adaptation
backend/publication-service/src/main/java/com/apimarketplace/publication/service/ResourcePublicationService.java	UNCHANGED_UPSTREAM	Merged from the exact LiveContext v0.2.14 ancestry with no PR25-specific adaptation
backend/publication-service/src/main/java/com/apimarketplace/publication/service/ShowcaseFileNamespaceRepairService.java	UNCHANGED_UPSTREAM	Merged from the exact LiveContext v0.2.14 ancestry with no PR25-specific adaptation
backend/publication-service/src/main/java/com/apimarketplace/publication/service/ShowcaseFileRefRewriter.java	UNCHANGED_UPSTREAM	Merged from the exact LiveContext v0.2.14 ancestry with no PR25-specific adaptation
backend/publication-service/src/main/java/com/apimarketplace/publication/service/ShowcaseSnapshotReader.java	UNCHANGED_UPSTREAM	Merged from the exact LiveContext v0.2.14 ancestry with no PR25-specific adaptation
backend/publication-service/src/main/java/com/apimarketplace/publication/service/WorkflowPublicationService.java	UNCHANGED_UPSTREAM	Merged from the exact LiveContext v0.2.14 ancestry with no PR25-specific adaptation
backend/publication-service/src/main/java/com/apimarketplace/publication/service/resource/DataSourceFileCloneService.java	UNCHANGED_UPSTREAM	Merged from the exact LiveContext v0.2.14 ancestry with no PR25-specific adaptation
backend/publication-service/src/test/java/com/apimarketplace/publication/controller/InternalPublicationControllerApplicationPublicationsTest.java	UNCHANGED_UPSTREAM	Merged from the exact LiveContext v0.2.14 ancestry with no PR25-specific adaptation
backend/publication-service/src/test/java/com/apimarketplace/publication/controller/InternalPublicationControllerByProjectTest.java	UNCHANGED_UPSTREAM	Merged from the exact LiveContext v0.2.14 ancestry with no PR25-specific adaptation
backend/publication-service/src/test/java/com/apimarketplace/publication/controller/InternalPublicationControllerCeExclusiveTest.java	UNCHANGED_UPSTREAM	Merged from the exact LiveContext v0.2.14 ancestry with no PR25-specific adaptation
backend/publication-service/src/test/java/com/apimarketplace/publication/controller/InternalPublicationControllerPendingReviewConflictTest.java	UNCHANGED_UPSTREAM	Merged from the exact LiveContext v0.2.14 ancestry with no PR25-specific adaptation
backend/publication-service/src/test/java/com/apimarketplace/publication/controller/InternalPublicationControllerRemoteMarketplaceTest.java	UNCHANGED_UPSTREAM	Merged from the exact LiveContext v0.2.14 ancestry with no PR25-specific adaptation
backend/publication-service/src/test/java/com/apimarketplace/publication/controller/InternalPublicationControllerResourceStatusesTest.java	UNCHANGED_UPSTREAM	Merged from the exact LiveContext v0.2.14 ancestry with no PR25-specific adaptation
backend/publication-service/src/test/java/com/apimarketplace/publication/controller/InternalPublicationControllerVisibilitiesTest.java	UNCHANGED_UPSTREAM	Merged from the exact LiveContext v0.2.14 ancestry with no PR25-specific adaptation
backend/publication-service/src/test/java/com/apimarketplace/publication/controller/PublishAgentValidation422ContractTest.java	UNCHANGED_UPSTREAM	Merged from the exact LiveContext v0.2.14 ancestry with no PR25-specific adaptation
backend/publication-service/src/test/java/com/apimarketplace/publication/controller/RemoteMarketplaceControllerTest.java	UNCHANGED_UPSTREAM	Merged from the exact LiveContext v0.2.14 ancestry with no PR25-specific adaptation
backend/publication-service/src/test/java/com/apimarketplace/publication/controller/WorkflowPublicationControllerShowcaseRenderTest.java	UNCHANGED_UPSTREAM	Merged from the exact LiveContext v0.2.14 ancestry with no PR25-specific adaptation
backend/publication-service/src/test/java/com/apimarketplace/publication/service/CeExclusiveInlineGuardTest.java	UNCHANGED_UPSTREAM	Merged from the exact LiveContext v0.2.14 ancestry with no PR25-specific adaptation
backend/publication-service/src/test/java/com/apimarketplace/publication/service/CeExclusiveUpdatePathTest.java	UNCHANGED_UPSTREAM	Merged from the exact LiveContext v0.2.14 ancestry with no PR25-specific adaptation
backend/publication-service/src/test/java/com/apimarketplace/publication/service/PublicationFileUrlResolverTest.java	UNCHANGED_UPSTREAM	Merged from the exact LiveContext v0.2.14 ancestry with no PR25-specific adaptation
backend/publication-service/src/test/java/com/apimarketplace/publication/service/PublicationSelfRefAgentTriggerTest.java	UNCHANGED_UPSTREAM	Merged from the exact LiveContext v0.2.14 ancestry with no PR25-specific adaptation
backend/publication-service/src/test/java/com/apimarketplace/publication/service/ShowcaseFileNamespaceRepairServiceTest.java	UNCHANGED_UPSTREAM	Merged from the exact LiveContext v0.2.14 ancestry with no PR25-specific adaptation
backend/publication-service/src/test/java/com/apimarketplace/publication/service/ShowcaseFileRefRewriterTest.java	UNCHANGED_UPSTREAM	Merged from the exact LiveContext v0.2.14 ancestry with no PR25-specific adaptation
backend/publication-service/src/test/java/com/apimarketplace/publication/service/ShowcaseImageReplacementTest.java	UNCHANGED_UPSTREAM	Merged from the exact LiveContext v0.2.14 ancestry with no PR25-specific adaptation
backend/publication-service/src/test/java/com/apimarketplace/publication/service/ShowcaseSnapshotReaderTest.java	UNCHANGED_UPSTREAM	Merged from the exact LiveContext v0.2.14 ancestry with no PR25-specific adaptation
backend/publication-service/src/test/java/com/apimarketplace/publication/service/WorkflowPublicationServiceAcquireShowcaseIsolationTest.java	UNCHANGED_UPSTREAM	Merged from the exact LiveContext v0.2.14 ancestry with no PR25-specific adaptation
backend/publication-service/src/test/java/com/apimarketplace/publication/service/WorkflowPublicationServiceAcquireValidationTest.java	UNCHANGED_UPSTREAM	Merged from the exact LiveContext v0.2.14 ancestry with no PR25-specific adaptation
backend/publication-service/src/test/java/com/apimarketplace/publication/service/WorkflowPublicationServiceAutoScreeningTest.java	UNCHANGED_UPSTREAM	Merged from the exact LiveContext v0.2.14 ancestry with no PR25-specific adaptation
backend/publication-service/src/test/java/com/apimarketplace/publication/service/WorkflowPublicationServiceCallerHoldsReceiptTest.java	UNCHANGED_UPSTREAM	Merged from the exact LiveContext v0.2.14 ancestry with no PR25-specific adaptation
backend/publication-service/src/test/java/com/apimarketplace/publication/service/WorkflowPublicationServiceCategoryDefaultTest.java	UNCHANGED_UPSTREAM	Merged from the exact LiveContext v0.2.14 ancestry with no PR25-specific adaptation
backend/publication-service/src/test/java/com/apimarketplace/publication/service/WorkflowPublicationServiceCompensationTest.java	UNCHANGED_UPSTREAM	Merged from the exact LiveContext v0.2.14 ancestry with no PR25-specific adaptation
backend/publication-service/src/test/java/com/apimarketplace/publication/service/WorkflowPublicationServiceCredentialScrubTest.java	UNCHANGED_UPSTREAM	Merged from the exact LiveContext v0.2.14 ancestry with no PR25-specific adaptation
backend/publication-service/src/test/java/com/apimarketplace/publication/service/WorkflowPublicationServiceDeletePublicationTest.java	UNCHANGED_UPSTREAM	Merged from the exact LiveContext v0.2.14 ancestry with no PR25-specific adaptation
backend/publication-service/src/test/java/com/apimarketplace/publication/service/WorkflowPublicationServiceDuplicateAcquireTest.java	UNCHANGED_UPSTREAM	Merged from the exact LiveContext v0.2.14 ancestry with no PR25-specific adaptation
backend/publication-service/src/test/java/com/apimarketplace/publication/service/WorkflowPublicationServiceFileRefCopyTest.java	UNCHANGED_UPSTREAM	Merged from the exact LiveContext v0.2.14 ancestry with no PR25-specific adaptation
backend/publication-service/src/test/java/com/apimarketplace/publication/service/WorkflowPublicationServiceFormDatasourceInjectionTest.java	UNCHANGED_UPSTREAM	Merged from the exact LiveContext v0.2.14 ancestry with no PR25-specific adaptation
backend/publication-service/src/test/java/com/apimarketplace/publication/service/WorkflowPublicationServiceOwnerScopeTest.java	UNCHANGED_UPSTREAM	Merged from the exact LiveContext v0.2.14 ancestry with no PR25-specific adaptation
backend/publication-service/src/test/java/com/apimarketplace/publication/service/WorkflowPublicationServicePublisherSnapshotTest.java	UNCHANGED_UPSTREAM	Merged from the exact LiveContext v0.2.14 ancestry with no PR25-specific adaptation
backend/publication-service/src/test/java/com/apimarketplace/publication/service/WorkflowPublicationServicePurchasesTest.java	UNCHANGED_UPSTREAM	Merged from the exact LiveContext v0.2.14 ancestry with no PR25-specific adaptation
backend/publication-service/src/test/java/com/apimarketplace/publication/service/WorkflowPublicationServiceReshareReviewTest.java	UNCHANGED_UPSTREAM	Merged from the exact LiveContext v0.2.14 ancestry with no PR25-specific adaptation
backend/publication-service/src/test/java/com/apimarketplace/publication/service/WorkflowPublicationServiceScopeToolsConfigTest.java	UNCHANGED_UPSTREAM	Merged from the exact LiveContext v0.2.14 ancestry with no PR25-specific adaptation
backend/publication-service/src/test/java/com/apimarketplace/publication/service/WorkflowPublicationServiceShowcaseEpochClearTest.java	UNCHANGED_UPSTREAM	Merged from the exact LiveContext v0.2.14 ancestry with no PR25-specific adaptation
backend/publication-service/src/test/java/com/apimarketplace/publication/service/WorkflowPublicationServiceSnapshotRetentionTest.java	UNCHANGED_UPSTREAM	Merged from the exact LiveContext v0.2.14 ancestry with no PR25-specific adaptation
backend/publication-service/src/test/java/com/apimarketplace/publication/service/WorkflowPublicationServiceSubWorkflowDiamondTest.java	UNCHANGED_UPSTREAM	Merged from the exact LiveContext v0.2.14 ancestry with no PR25-specific adaptation
backend/publication-service/src/test/java/com/apimarketplace/publication/service/resource/DataSourceFileCloneServiceTest.java	UNCHANGED_UPSTREAM	Merged from the exact LiveContext v0.2.14 ancestry with no PR25-specific adaptation
backend/shared-agent-lib/src/main/java/com/apimarketplace/agent/gemini/cache/GeminiCachedContentKey.java	UNCHANGED_UPSTREAM	Merged from the exact LiveContext v0.2.14 ancestry with no PR25-specific adaptation
backend/shared-agent-lib/src/main/java/com/apimarketplace/agent/gemini/cache/GeminiCachedContentManager.java	UNCHANGED_UPSTREAM	Merged from the exact LiveContext v0.2.14 ancestry with no PR25-specific adaptation
backend/shared-agent-lib/src/main/java/com/apimarketplace/agent/provider/AbstractLLMProvider.java	UNCHANGED_UPSTREAM	Merged from the exact LiveContext v0.2.14 ancestry with no PR25-specific adaptation
backend/shared-agent-lib/src/test/java/com/apimarketplace/agent/gemini/cache/GeminiCachedContentKeyTest.java	UNCHANGED_UPSTREAM	Merged from the exact LiveContext v0.2.14 ancestry with no PR25-specific adaptation
backend/shared-agent-lib/src/test/java/com/apimarketplace/agent/gemini/cache/GeminiCachedContentManagerTest.java	UNCHANGED_UPSTREAM	Merged from the exact LiveContext v0.2.14 ancestry with no PR25-specific adaptation
backend/shared-agent-lib/src/test/java/com/apimarketplace/agent/provider/AbstractLLMProviderTest.java	UNCHANGED_UPSTREAM	Merged from the exact LiveContext v0.2.14 ancestry with no PR25-specific adaptation
backend/shared-agent-lib/src/test/java/com/apimarketplace/agent/registry/AgentToolDefinitionTest.java	UNCHANGED_UPSTREAM	Merged from the exact LiveContext v0.2.14 ancestry with no PR25-specific adaptation
catalog-seeds/model-bundle.json	UNCHANGED_UPSTREAM	Merged from the exact LiveContext v0.2.14 ancestry with no PR25-specific adaptation
cli/assets/docker-compose.yml	TRINYX_ADAPTATION_REQUIRED	Trinyx CE distribution defaults and telemetry privacy default
cli/package.json	TRINYX_ADAPTATION_REQUIRED	Trinyx npm package identity and release version
docker-compose.yml	TRINYX_ADAPTATION_REQUIRED	Trinyx edition/CloudLink overrides plus upstream CE v0.2.14 defaults
docker/.env.ce.example	TRINYX_ADAPTATION_REQUIRED	Trinyx CE operator defaults; install-id opt-in
docker/README-CE.md	TRINYX_ADAPTATION_REQUIRED	Trinyx CE deployment and telemetry disclosure
frontend/__tests__/side-panel-forward-invariant.test.ts	UNCHANGED_UPSTREAM	Merged from the exact LiveContext v0.2.14 ancestry with no PR25-specific adaptation
frontend/__tests__/workflow-builder-panel-lazy-import.test.ts	UNCHANGED_UPSTREAM	Merged from the exact LiveContext v0.2.14 ancestry with no PR25-specific adaptation
frontend/app/[locale]/app/AppShell.tsx	UNCHANGED_UPSTREAM	Merged from the exact LiveContext v0.2.14 ancestry with no PR25-specific adaptation
frontend/app/[locale]/app/__tests__/AppShell.floating.test.tsx	UNCHANGED_UPSTREAM	Merged from the exact LiveContext v0.2.14 ancestry with no PR25-specific adaptation
frontend/app/[locale]/app/applications/__tests__/ApplicationCard.preview.test.tsx	UNCHANGED_UPSTREAM	Merged from the exact LiveContext v0.2.14 ancestry with no PR25-specific adaptation
frontend/app/[locale]/app/applications/__tests__/applicationsBulkBar.test.tsx	UNCHANGED_UPSTREAM	Merged from the exact LiveContext v0.2.14 ancestry with no PR25-specific adaptation
frontend/app/[locale]/app/applications/__tests__/applicationsFavorites.test.tsx	UNCHANGED_UPSTREAM	Merged from the exact LiveContext v0.2.14 ancestry with no PR25-specific adaptation
frontend/app/[locale]/app/applications/__tests__/applicationsPage.folderFace.test.tsx	UNCHANGED_UPSTREAM	Merged from the exact LiveContext v0.2.14 ancestry with no PR25-specific adaptation
frontend/app/[locale]/app/applications/__tests__/applicationsPage.remoteEnrich.test.tsx	UNCHANGED_UPSTREAM	Merged from the exact LiveContext v0.2.14 ancestry with no PR25-specific adaptation
frontend/app/[locale]/app/applications/page.tsx	UNCHANGED_UPSTREAM	Merged from the exact LiveContext v0.2.14 ancestry with no PR25-specific adaptation
frontend/app/[locale]/app/interface/[id]/__tests__/interfaceViewerSound.test.tsx	UNCHANGED_UPSTREAM	Merged from the exact LiveContext v0.2.14 ancestry with no PR25-specific adaptation
frontend/app/[locale]/app/interface/[id]/page.tsx	UNCHANGED_UPSTREAM	Merged from the exact LiveContext v0.2.14 ancestry with no PR25-specific adaptation
frontend/app/[locale]/app/marketplace/__tests__/MarketplaceAnonymousTab.test.tsx	UNCHANGED_UPSTREAM	Merged from the exact LiveContext v0.2.14 ancestry with no PR25-specific adaptation
frontend/app/[locale]/app/marketplace/__tests__/MarketplaceInstallWiring.test.tsx	UNCHANGED_UPSTREAM	Merged from the exact LiveContext v0.2.14 ancestry with no PR25-specific adaptation
frontend/app/[locale]/app/marketplace/__tests__/MarketplaceRefinements.test.tsx	UNCHANGED_UPSTREAM	Merged from the exact LiveContext v0.2.14 ancestry with no PR25-specific adaptation
frontend/app/[locale]/app/marketplace/__tests__/MarketplaceTypeFilter.test.tsx	UNCHANGED_UPSTREAM	Merged from the exact LiveContext v0.2.14 ancestry with no PR25-specific adaptation
frontend/app/[locale]/app/marketplace/page.tsx	UNCHANGED_UPSTREAM	Merged from the exact LiveContext v0.2.14 ancestry with no PR25-specific adaptation
frontend/app/[locale]/app/settings/credentials/page.tsx	TRINYX_ADAPTATION_ALREADY_COMPATIBLE	Upstream credential UX preserved inside existing Trinyx edition/auth shell
frontend/app/[locale]/app/settings/organization/page.tsx	UNCHANGED_UPSTREAM	Merged from the exact LiveContext v0.2.14 ancestry with no PR25-specific adaptation
frontend/app/globals.css	UNCHANGED_UPSTREAM	Merged from the exact LiveContext v0.2.14 ancestry with no PR25-specific adaptation
frontend/app/shared/components/ChatPageLayout.tsx	UNCHANGED_UPSTREAM	Merged from the exact LiveContext v0.2.14 ancestry with no PR25-specific adaptation
frontend/app/shared/components/__tests__/ChatPageLayout.activityCentering.test.tsx	UNCHANGED_UPSTREAM	Merged from the exact LiveContext v0.2.14 ancestry with no PR25-specific adaptation
frontend/app/workflows/builder/components/BuilderCanvas.tsx	UNCHANGED_UPSTREAM	Merged from the exact LiveContext v0.2.14 ancestry with no PR25-specific adaptation
frontend/app/workflows/builder/components/CanvasContextMenu.tsx	UNCHANGED_UPSTREAM	Merged from the exact LiveContext v0.2.14 ancestry with no PR25-specific adaptation
frontend/app/workflows/builder/components/CanvasToolbar.tsx	UNCHANGED_UPSTREAM	Merged from the exact LiveContext v0.2.14 ancestry with no PR25-specific adaptation
frontend/app/workflows/builder/components/InspectorPanel.tsx	UNCHANGED_UPSTREAM	Merged from the exact LiveContext v0.2.14 ancestry with no PR25-specific adaptation
frontend/app/workflows/builder/components/WorkflowBuilder.tsx	UNCHANGED_UPSTREAM	Merged from the exact LiveContext v0.2.14 ancestry with no PR25-specific adaptation
frontend/app/workflows/builder/components/__tests__/BuilderCanvas.saveScope.test.tsx	UNCHANGED_UPSTREAM	Merged from the exact LiveContext v0.2.14 ancestry with no PR25-specific adaptation
frontend/app/workflows/builder/components/__tests__/BuilderCanvas.sidePanelGate.test.tsx	UNCHANGED_UPSTREAM	Merged from the exact LiveContext v0.2.14 ancestry with no PR25-specific adaptation
frontend/app/workflows/builder/components/__tests__/CanvasContextMenu.nodeActions.test.tsx	UNCHANGED_UPSTREAM	Merged from the exact LiveContext v0.2.14 ancestry with no PR25-specific adaptation
frontend/app/workflows/builder/components/__tests__/CanvasToolbar.chromeStyle.test.tsx	UNCHANGED_UPSTREAM	Merged from the exact LiveContext v0.2.14 ancestry with no PR25-specific adaptation
frontend/app/workflows/builder/components/__tests__/CanvasToolbar.test.tsx	UNCHANGED_UPSTREAM	Merged from the exact LiveContext v0.2.14 ancestry with no PR25-specific adaptation
frontend/app/workflows/builder/components/inspector/GlobalVariablesInspector.tsx	UNCHANGED_UPSTREAM	Merged from the exact LiveContext v0.2.14 ancestry with no PR25-specific adaptation
frontend/app/workflows/builder/components/inspector/InspectorPanelHeader.tsx	UNCHANGED_UPSTREAM	Merged from the exact LiveContext v0.2.14 ancestry with no PR25-specific adaptation
frontend/app/workflows/builder/components/inspector/StorageExplorerTab.tsx	UNCHANGED_UPSTREAM	Merged from the exact LiveContext v0.2.14 ancestry with no PR25-specific adaptation
frontend/app/workflows/builder/components/inspector/__tests__/GlobalVariablesInspector.typeLabel.test.tsx	UNCHANGED_UPSTREAM	Merged from the exact LiveContext v0.2.14 ancestry with no PR25-specific adaptation
frontend/app/workflows/builder/components/inspector/__tests__/StorageExplorerTab.folders.test.tsx	UNCHANGED_UPSTREAM	Merged from the exact LiveContext v0.2.14 ancestry with no PR25-specific adaptation
frontend/app/workflows/builder/components/inspector/__tests__/StorageExplorerTab.pickerViews.test.tsx	UNCHANGED_UPSTREAM	Merged from the exact LiveContext v0.2.14 ancestry with no PR25-specific adaptation
frontend/app/workflows/builder/components/inspector/core/form-adapters.tsx	UNCHANGED_UPSTREAM	Merged from the exact LiveContext v0.2.14 ancestry with no PR25-specific adaptation
frontend/app/workflows/builder/components/inspector/forms/DataInputParametersForm.tsx	UNCHANGED_UPSTREAM	Merged from the exact LiveContext v0.2.14 ancestry with no PR25-specific adaptation
frontend/app/workflows/builder/components/inspector/forms/DatabaseParametersForm.tsx	UNCHANGED_UPSTREAM	Merged from the exact LiveContext v0.2.14 ancestry with no PR25-specific adaptation
frontend/app/workflows/builder/components/inspector/forms/EmailInboxParametersForm.tsx	UNCHANGED_UPSTREAM	Merged from the exact LiveContext v0.2.14 ancestry with no PR25-specific adaptation
frontend/app/workflows/builder/components/inspector/forms/HttpRequestParametersForm.tsx	UNCHANGED_UPSTREAM	Merged from the exact LiveContext v0.2.14 ancestry with no PR25-specific adaptation
frontend/app/workflows/builder/components/inspector/forms/SendEmailParametersForm.tsx	UNCHANGED_UPSTREAM	Merged from the exact LiveContext v0.2.14 ancestry with no PR25-specific adaptation
frontend/app/workflows/builder/components/inspector/forms/SftpParametersForm.tsx	UNCHANGED_UPSTREAM	Merged from the exact LiveContext v0.2.14 ancestry with no PR25-specific adaptation
frontend/app/workflows/builder/components/inspector/forms/SshParametersForm.tsx	UNCHANGED_UPSTREAM	Merged from the exact LiveContext v0.2.14 ancestry with no PR25-specific adaptation
frontend/app/workflows/builder/components/inspector/forms/StopOnErrorParametersForm.tsx	UNCHANGED_UPSTREAM	Merged from the exact LiveContext v0.2.14 ancestry with no PR25-specific adaptation
frontend/app/workflows/builder/components/inspector/forms/SubWorkflowParametersForm.tsx	UNCHANGED_UPSTREAM	Merged from the exact LiveContext v0.2.14 ancestry with no PR25-specific adaptation
frontend/app/workflows/builder/components/inspector/forms/__tests__/ExpressionFieldCoverage.test.tsx	UNCHANGED_UPSTREAM	Merged from the exact LiveContext v0.2.14 ancestry with no PR25-specific adaptation
frontend/app/workflows/builder/components/inspector/forms/__tests__/SubWorkflowParametersForm.test.tsx	UNCHANGED_UPSTREAM	Merged from the exact LiveContext v0.2.14 ancestry with no PR25-specific adaptation
frontend/app/workflows/builder/components/interface/__tests__/useInterfaceFileUrls.test.ts	UNCHANGED_UPSTREAM	Merged from the exact LiveContext v0.2.14 ancestry with no PR25-specific adaptation
frontend/app/workflows/builder/components/interface/useInterfaceFileUrls.ts	UNCHANGED_UPSTREAM	Merged from the exact LiveContext v0.2.14 ancestry with no PR25-specific adaptation
frontend/app/workflows/builder/components/nodes/FileNodePreview.tsx	UNCHANGED_UPSTREAM	Merged from the exact LiveContext v0.2.14 ancestry with no PR25-specific adaptation
frontend/app/workflows/builder/components/nodes/FileResultStrip.tsx	UNCHANGED_UPSTREAM	Merged from the exact LiveContext v0.2.14 ancestry with no PR25-specific adaptation
frontend/app/workflows/builder/components/nodes/TriggerEditLaunchButton.tsx	UNCHANGED_UPSTREAM	Merged from the exact LiveContext v0.2.14 ancestry with no PR25-specific adaptation
frontend/app/workflows/builder/components/nodes/TriggerNodePinButton.tsx	UNCHANGED_UPSTREAM	Merged from the exact LiveContext v0.2.14 ancestry with no PR25-specific adaptation
frontend/app/workflows/builder/components/nodes/WorkflowNode.tsx	UNCHANGED_UPSTREAM	Merged from the exact LiveContext v0.2.14 ancestry with no PR25-specific adaptation
frontend/app/workflows/builder/components/nodes/__tests__/TriggerNodePinButton.requestEvent.test.tsx	UNCHANGED_UPSTREAM	Merged from the exact LiveContext v0.2.14 ancestry with no PR25-specific adaptation
frontend/app/workflows/builder/components/nodes/__tests__/TriggerNodePinButton.toolbarVariant.test.tsx	UNCHANGED_UPSTREAM	Merged from the exact LiveContext v0.2.14 ancestry with no PR25-specific adaptation
frontend/app/workflows/builder/components/nodes/__tests__/fileNodePreview.showcase.test.tsx	UNCHANGED_UPSTREAM	Merged from the exact LiveContext v0.2.14 ancestry with no PR25-specific adaptation
frontend/app/workflows/builder/components/nodes/__tests__/fileNodePreview.strip.test.tsx	UNCHANGED_UPSTREAM	Merged from the exact LiveContext v0.2.14 ancestry with no PR25-specific adaptation
frontend/app/workflows/builder/components/nodes/__tests__/fileResultStrip.test.tsx	UNCHANGED_UPSTREAM	Merged from the exact LiveContext v0.2.14 ancestry with no PR25-specific adaptation
frontend/app/workflows/builder/hooks/__tests__/useOAuthCredentialCallback.test.tsx	UNCHANGED_UPSTREAM	Merged from the exact LiveContext v0.2.14 ancestry with no PR25-specific adaptation
frontend/app/workflows/builder/hooks/__tests__/useShowcaseStepFiles.test.ts	UNCHANGED_UPSTREAM	Merged from the exact LiveContext v0.2.14 ancestry with no PR25-specific adaptation
frontend/app/workflows/builder/hooks/__tests__/useWorkflowExecution.embeddedRun.test.tsx	UNCHANGED_UPSTREAM	Merged from the exact LiveContext v0.2.14 ancestry with no PR25-specific adaptation
frontend/app/workflows/builder/hooks/__tests__/useWorkflowExecution.noRunLevelMock.test.tsx	UNCHANGED_UPSTREAM	Merged from the exact LiveContext v0.2.14 ancestry with no PR25-specific adaptation
frontend/app/workflows/builder/hooks/__tests__/useWorkflowExecution.startScope.test.tsx	UNCHANGED_UPSTREAM	Merged from the exact LiveContext v0.2.14 ancestry with no PR25-specific adaptation
frontend/app/workflows/builder/hooks/__tests__/useWorkflowLoader.restoreScope.test.tsx	UNCHANGED_UPSTREAM	Merged from the exact LiveContext v0.2.14 ancestry with no PR25-specific adaptation
frontend/app/workflows/builder/hooks/useDirtyState.ts	UNCHANGED_UPSTREAM	Merged from the exact LiveContext v0.2.14 ancestry with no PR25-specific adaptation
frontend/app/workflows/builder/hooks/useNodeContextualButtons.tsx	UNCHANGED_UPSTREAM	Merged from the exact LiveContext v0.2.14 ancestry with no PR25-specific adaptation
frontend/app/workflows/builder/hooks/useOAuthCredentialCallback.ts	UNCHANGED_UPSTREAM	Merged from the exact LiveContext v0.2.14 ancestry with no PR25-specific adaptation
frontend/app/workflows/builder/hooks/useShowcaseStepFiles.ts	UNCHANGED_UPSTREAM	Merged from the exact LiveContext v0.2.14 ancestry with no PR25-specific adaptation
frontend/app/workflows/builder/hooks/useWorkflowExecution.ts	UNCHANGED_UPSTREAM	Merged from the exact LiveContext v0.2.14 ancestry with no PR25-specific adaptation
frontend/app/workflows/builder/hooks/useWorkflowLoader.ts	UNCHANGED_UPSTREAM	Merged from the exact LiveContext v0.2.14 ancestry with no PR25-specific adaptation
frontend/app/workflows/builder/types.ts	UNCHANGED_UPSTREAM	Merged from the exact LiveContext v0.2.14 ancestry with no PR25-specific adaptation
frontend/app/workflows/builder/utils/__tests__/interfaceMediaAudioBehaviour.test.ts	UNCHANGED_UPSTREAM	Merged from the exact LiveContext v0.2.14 ancestry with no PR25-specific adaptation
frontend/app/workflows/builder/utils/interfaceHtmlUtils.ts	UNCHANGED_UPSTREAM	Merged from the exact LiveContext v0.2.14 ancestry with no PR25-specific adaptation
frontend/components/AgentTable.tsx	UNCHANGED_UPSTREAM	Merged from the exact LiveContext v0.2.14 ancestry with no PR25-specific adaptation
frontend/components/DataSourceTable.tsx	UNCHANGED_UPSTREAM	Merged from the exact LiveContext v0.2.14 ancestry with no PR25-specific adaptation
frontend/components/InterfacePreview.tsx	UNCHANGED_UPSTREAM	Merged from the exact LiveContext v0.2.14 ancestry with no PR25-specific adaptation
frontend/components/InterfaceTable.tsx	UNCHANGED_UPSTREAM	Merged from the exact LiveContext v0.2.14 ancestry with no PR25-specific adaptation
frontend/components/WorkflowTable.tsx	UNCHANGED_UPSTREAM	Merged from the exact LiveContext v0.2.14 ancestry with no PR25-specific adaptation
frontend/components/__tests__/AgentTable.folders.test.tsx	UNCHANGED_UPSTREAM	Merged from the exact LiveContext v0.2.14 ancestry with no PR25-specific adaptation
frontend/components/__tests__/DataSourceTable.test.tsx	UNCHANGED_UPSTREAM	Merged from the exact LiveContext v0.2.14 ancestry with no PR25-specific adaptation
frontend/components/__tests__/InterfacePreview.media.test.tsx	UNCHANGED_UPSTREAM	Merged from the exact LiveContext v0.2.14 ancestry with no PR25-specific adaptation
frontend/components/__tests__/InterfaceTable.folderPreviews.test.tsx	UNCHANGED_UPSTREAM	Merged from the exact LiveContext v0.2.14 ancestry with no PR25-specific adaptation
frontend/components/__tests__/WorkflowTable.bulkBar.test.tsx	UNCHANGED_UPSTREAM	Merged from the exact LiveContext v0.2.14 ancestry with no PR25-specific adaptation
frontend/components/__tests__/WorkflowTable.favorites.test.tsx	UNCHANGED_UPSTREAM	Merged from the exact LiveContext v0.2.14 ancestry with no PR25-specific adaptation
frontend/components/__tests__/WorkflowTable.folders.test.tsx	UNCHANGED_UPSTREAM	Merged from the exact LiveContext v0.2.14 ancestry with no PR25-specific adaptation
frontend/components/__tests__/WorkflowTable.reviewBadge.test.tsx	UNCHANGED_UPSTREAM	Merged from the exact LiveContext v0.2.14 ancestry with no PR25-specific adaptation
frontend/components/__tests__/WorkflowTable.visibilitySort.test.tsx	UNCHANGED_UPSTREAM	Merged from the exact LiveContext v0.2.14 ancestry with no PR25-specific adaptation
frontend/components/agent-fleet/FleetInspectorPanel.tsx	UNCHANGED_UPSTREAM	Merged from the exact LiveContext v0.2.14 ancestry with no PR25-specific adaptation
frontend/components/app/AddTabPicker.tsx	UNCHANGED_UPSTREAM	Merged from the exact LiveContext v0.2.14 ancestry with no PR25-specific adaptation
frontend/components/app/AppHeader.tsx	UNCHANGED_UPSTREAM	Merged from the exact LiveContext v0.2.14 ancestry with no PR25-specific adaptation
frontend/components/app/ApplicationSidePanel.tsx	UNCHANGED_UPSTREAM	Merged from the exact LiveContext v0.2.14 ancestry with no PR25-specific adaptation
frontend/components/app/SidePanel.tsx	UNCHANGED_UPSTREAM	Merged from the exact LiveContext v0.2.14 ancestry with no PR25-specific adaptation
frontend/components/app/WorkflowBuilderPanelContent.tsx	UNCHANGED_UPSTREAM	Merged from the exact LiveContext v0.2.14 ancestry with no PR25-specific adaptation
frontend/components/app/WorkflowPanelActions.tsx	UNCHANGED_UPSTREAM	Merged from the exact LiveContext v0.2.14 ancestry with no PR25-specific adaptation
frontend/components/app/WorkflowPanelContent.tsx	UNCHANGED_UPSTREAM	Merged from the exact LiveContext v0.2.14 ancestry with no PR25-specific adaptation
frontend/components/app/__tests__/AboutMenuVersion.test.tsx	UNCHANGED_UPSTREAM	Merged from the exact LiveContext v0.2.14 ancestry with no PR25-specific adaptation
frontend/components/app/__tests__/AppHeader.collapsedPanel.test.tsx	UNCHANGED_UPSTREAM	Merged from the exact LiveContext v0.2.14 ancestry with no PR25-specific adaptation
frontend/components/app/__tests__/ApplicationSidePanel.composition.test.tsx	UNCHANGED_UPSTREAM	Merged from the exact LiveContext v0.2.14 ancestry with no PR25-specific adaptation
frontend/components/app/__tests__/ApplicationSidePanel.navigateGuard.test.tsx	UNCHANGED_UPSTREAM	Merged from the exact LiveContext v0.2.14 ancestry with no PR25-specific adaptation
frontend/components/app/__tests__/ComposerNoProviderGate.test.tsx	UNCHANGED_UPSTREAM	Merged from the exact LiveContext v0.2.14 ancestry with no PR25-specific adaptation
frontend/components/app/__tests__/SidePanel.detach.test.tsx	UNCHANGED_UPSTREAM	Merged from the exact LiveContext v0.2.14 ancestry with no PR25-specific adaptation
frontend/components/app/__tests__/WorkflowBuilderPanelContent.dispatch.test.tsx	UNCHANGED_UPSTREAM	Merged from the exact LiveContext v0.2.14 ancestry with no PR25-specific adaptation
frontend/components/app/__tests__/WorkflowPanelActions.controls.test.tsx	UNCHANGED_UPSTREAM	Merged from the exact LiveContext v0.2.14 ancestry with no PR25-specific adaptation
frontend/components/app/__tests__/WorkflowPanelActions.test.tsx	UNCHANGED_UPSTREAM	Merged from the exact LiveContext v0.2.14 ancestry with no PR25-specific adaptation
frontend/components/app/__tests__/WorkflowPanelContent.appTab.test.tsx	UNCHANGED_UPSTREAM	Merged from the exact LiveContext v0.2.14 ancestry with no PR25-specific adaptation
frontend/components/app/__tests__/WorkflowPanelContent.applicationFirst.test.tsx	UNCHANGED_UPSTREAM	Merged from the exact LiveContext v0.2.14 ancestry with no PR25-specific adaptation
frontend/components/app/__tests__/WorkflowPanelContent.canvasActions.test.tsx	UNCHANGED_UPSTREAM	Merged from the exact LiveContext v0.2.14 ancestry with no PR25-specific adaptation
frontend/components/app/__tests__/WorkflowPanelContent.navigateAction.test.tsx	UNCHANGED_UPSTREAM	Merged from the exact LiveContext v0.2.14 ancestry with no PR25-specific adaptation
frontend/components/app/__tests__/WorkflowPanelContent.runNodeTabs.test.tsx	UNCHANGED_UPSTREAM	Merged from the exact LiveContext v0.2.14 ancestry with no PR25-specific adaptation
frontend/components/app/__tests__/WorkflowPanelContent.subTabs.test.tsx	UNCHANGED_UPSTREAM	Merged from the exact LiveContext v0.2.14 ancestry with no PR25-specific adaptation
frontend/components/applications/ApplicationCard.tsx	UNCHANGED_UPSTREAM	Merged from the exact LiveContext v0.2.14 ancestry with no PR25-specific adaptation
frontend/components/chat/AgentBrowseLivePreview.tsx	UNCHANGED_UPSTREAM	Merged from the exact LiveContext v0.2.14 ancestry with no PR25-specific adaptation
frontend/components/chat/AgentBrowseVisualizeCard.tsx	UNCHANGED_UPSTREAM	Merged from the exact LiveContext v0.2.14 ancestry with no PR25-specific adaptation
frontend/components/chat/AgentVisualizeCard.tsx	UNCHANGED_UPSTREAM	Merged from the exact LiveContext v0.2.14 ancestry with no PR25-specific adaptation
frontend/components/chat/ApplicationCarousel.tsx	UNCHANGED_UPSTREAM	Merged from the exact LiveContext v0.2.14 ancestry with no PR25-specific adaptation
frontend/components/chat/ApplicationTabContent.tsx	UNCHANGED_UPSTREAM	Merged from the exact LiveContext v0.2.14 ancestry with no PR25-specific adaptation
frontend/components/chat/ApplicationVisualizeCard.tsx	UNCHANGED_UPSTREAM	Merged from the exact LiveContext v0.2.14 ancestry with no PR25-specific adaptation
frontend/components/chat/ChatHeader.tsx	UNCHANGED_UPSTREAM	Merged from the exact LiveContext v0.2.14 ancestry with no PR25-specific adaptation
frontend/components/chat/ChatPageV2/index.tsx	TRINYX_ADAPTATION_ALREADY_COMPATIBLE	PR28 conflict resolution keeps both Trinyx useChatHandoff and upstream togglePanelFromHeader active
frontend/components/chat/ChatTableView.tsx	UNCHANGED_UPSTREAM	Merged from the exact LiveContext v0.2.14 ancestry with no PR25-specific adaptation
frontend/components/chat/CreateAgentModal.tsx	TRINYX_ADAPTATION_ALREADY_COMPATIBLE	Upstream v0.2.14 behavior composes with existing Trinyx edition controls
frontend/components/chat/FileVisualizeCard.tsx	UNCHANGED_UPSTREAM	Merged from the exact LiveContext v0.2.14 ancestry with no PR25-specific adaptation
frontend/components/chat/ImageGenerationVisualizeCard.tsx	UNCHANGED_UPSTREAM	Merged from the exact LiveContext v0.2.14 ancestry with no PR25-specific adaptation
frontend/components/chat/InterfacePreviewBlock.tsx	UNCHANGED_UPSTREAM	Merged from the exact LiveContext v0.2.14 ancestry with no PR25-specific adaptation
frontend/components/chat/WorkflowPreviewBlock.tsx	UNCHANGED_UPSTREAM	Merged from the exact LiveContext v0.2.14 ancestry with no PR25-specific adaptation
frontend/components/chat/__tests__/AgentBrowseLivePreview.test.tsx	UNCHANGED_UPSTREAM	Merged from the exact LiveContext v0.2.14 ancestry with no PR25-specific adaptation
frontend/components/chat/__tests__/ApplicationCarousel.entryInterface.test.tsx	UNCHANGED_UPSTREAM	Merged from the exact LiveContext v0.2.14 ancestry with no PR25-specific adaptation
frontend/components/chat/__tests__/ApplicationCarousel.previewMode.test.tsx	UNCHANGED_UPSTREAM	Merged from the exact LiveContext v0.2.14 ancestry with no PR25-specific adaptation
frontend/components/chat/__tests__/ApplicationTabContent.sound.test.tsx	UNCHANGED_UPSTREAM	Merged from the exact LiveContext v0.2.14 ancestry with no PR25-specific adaptation
frontend/components/chat/__tests__/ApplicationVisualizeCard.noInstall.test.tsx	UNCHANGED_UPSTREAM	Merged from the exact LiveContext v0.2.14 ancestry with no PR25-specific adaptation
frontend/components/chat/__tests__/ApplicationVisualizeCard.tabId.test.tsx	UNCHANGED_UPSTREAM	Merged from the exact LiveContext v0.2.14 ancestry with no PR25-specific adaptation
frontend/components/chat/__tests__/ChatHeader.dockButtons.test.tsx	UNCHANGED_UPSTREAM	Merged from the exact LiveContext v0.2.14 ancestry with no PR25-specific adaptation
frontend/components/chat/__tests__/ChatHeader.interfaceControls.test.tsx	UNCHANGED_UPSTREAM	Merged from the exact LiveContext v0.2.14 ancestry with no PR25-specific adaptation
frontend/components/chat/__tests__/CreateAgentModal.delete.test.tsx	UNCHANGED_UPSTREAM	Merged from the exact LiveContext v0.2.14 ancestry with no PR25-specific adaptation
frontend/components/chat/__tests__/WorkflowPreviewBlock.sidePanel.test.tsx	UNCHANGED_UPSTREAM	Merged from the exact LiveContext v0.2.14 ancestry with no PR25-specific adaptation
frontend/components/chat/__tests__/mediaCard.autoOpenGuard.test.tsx	UNCHANGED_UPSTREAM	Merged from the exact LiveContext v0.2.14 ancestry with no PR25-specific adaptation
frontend/components/chat/__tests__/previewCard.collapsedPanel.test.tsx	UNCHANGED_UPSTREAM	Merged from the exact LiveContext v0.2.14 ancestry with no PR25-specific adaptation
frontend/components/data-table/AddRowForm.tsx	UNCHANGED_UPSTREAM	Merged from the exact LiveContext v0.2.14 ancestry with no PR25-specific adaptation
frontend/components/data-table/DataTableGrid.tsx	UNCHANGED_UPSTREAM	Merged from the exact LiveContext v0.2.14 ancestry with no PR25-specific adaptation
frontend/components/data-table/__tests__/AssetCell.test.tsx	UNCHANGED_UPSTREAM	Merged from the exact LiveContext v0.2.14 ancestry with no PR25-specific adaptation
frontend/components/data-table/__tests__/mediaColumnDisplay.test.tsx	UNCHANGED_UPSTREAM	Merged from the exact LiveContext v0.2.14 ancestry with no PR25-specific adaptation
frontend/components/data-table/cells/AssetCell.tsx	UNCHANGED_UPSTREAM	Merged from the exact LiveContext v0.2.14 ancestry with no PR25-specific adaptation
frontend/components/data-table/cells/FileCell.tsx	UNCHANGED_UPSTREAM	Merged from the exact LiveContext v0.2.14 ancestry with no PR25-specific adaptation
frontend/components/data-table/cells/ImageCell.tsx	UNCHANGED_UPSTREAM	Merged from the exact LiveContext v0.2.14 ancestry with no PR25-specific adaptation
frontend/components/data-table/cells/index.tsx	UNCHANGED_UPSTREAM	Merged from the exact LiveContext v0.2.14 ancestry with no PR25-specific adaptation
frontend/components/data-table/hooks/useSortingAndFiltering.ts	UNCHANGED_UPSTREAM	Merged from the exact LiveContext v0.2.14 ancestry with no PR25-specific adaptation
frontend/components/data-table/hooks/useTableExport.ts	UNCHANGED_UPSTREAM	Merged from the exact LiveContext v0.2.14 ancestry with no PR25-specific adaptation
frontend/components/data-table/modals/AddColumnModal.tsx	UNCHANGED_UPSTREAM	Merged from the exact LiveContext v0.2.14 ancestry with no PR25-specific adaptation
frontend/components/data-table/modals/EditColumnModal.tsx	UNCHANGED_UPSTREAM	Merged from the exact LiveContext v0.2.14 ancestry with no PR25-specific adaptation
frontend/components/data-table/utils/__tests__/editValueRoundTrip.test.ts	UNCHANGED_UPSTREAM	Merged from the exact LiveContext v0.2.14 ancestry with no PR25-specific adaptation
frontend/components/data-table/utils/dataTableUtils.ts	UNCHANGED_UPSTREAM	Merged from the exact LiveContext v0.2.14 ancestry with no PR25-specific adaptation
frontend/components/data-table/visualHelpers.tsx	UNCHANGED_UPSTREAM	Merged from the exact LiveContext v0.2.14 ancestry with no PR25-specific adaptation
frontend/components/files/FileBrowser.tsx	UNCHANGED_UPSTREAM	Merged from the exact LiveContext v0.2.14 ancestry with no PR25-specific adaptation
frontend/components/files/FileCard.tsx	UNCHANGED_UPSTREAM	Merged from the exact LiveContext v0.2.14 ancestry with no PR25-specific adaptation
frontend/components/files/FilesExplorerBody.tsx	UNCHANGED_UPSTREAM	Merged from the exact LiveContext v0.2.14 ancestry with no PR25-specific adaptation
frontend/components/files/FolderCard.tsx	UNCHANGED_UPSTREAM	Merged from the exact LiveContext v0.2.14 ancestry with no PR25-specific adaptation
frontend/components/files/__tests__/FileBrowser.folders.test.tsx	UNCHANGED_UPSTREAM	Merged from the exact LiveContext v0.2.14 ancestry with no PR25-specific adaptation
frontend/components/files/__tests__/FileBrowser.generateEntryPoint.test.tsx	UNCHANGED_UPSTREAM	Merged from the exact LiveContext v0.2.14 ancestry with no PR25-specific adaptation
frontend/components/files/__tests__/FileBrowser.generationHistory.test.tsx	UNCHANGED_UPSTREAM	Merged from the exact LiveContext v0.2.14 ancestry with no PR25-specific adaptation
frontend/components/files/__tests__/FileBrowser.mobileHeaderActions.test.tsx	UNCHANGED_UPSTREAM	Merged from the exact LiveContext v0.2.14 ancestry with no PR25-specific adaptation
frontend/components/files/__tests__/FileBrowser.navigation.test.tsx	UNCHANGED_UPSTREAM	Merged from the exact LiveContext v0.2.14 ancestry with no PR25-specific adaptation
frontend/components/files/__tests__/FileBrowser.viewerReadOnly.test.tsx	UNCHANGED_UPSTREAM	Merged from the exact LiveContext v0.2.14 ancestry with no PR25-specific adaptation
frontend/components/files/__tests__/FileCard.test.tsx	UNCHANGED_UPSTREAM	Merged from the exact LiveContext v0.2.14 ancestry with no PR25-specific adaptation
frontend/components/files/__tests__/FilesExplorerBody.test.tsx	UNCHANGED_UPSTREAM	Merged from the exact LiveContext v0.2.14 ancestry with no PR25-specific adaptation
frontend/components/files/__tests__/FolderCard.test.tsx	UNCHANGED_UPSTREAM	Merged from the exact LiveContext v0.2.14 ancestry with no PR25-specific adaptation
frontend/components/folders/ApplicationFolderFace.tsx	UNCHANGED_UPSTREAM	Merged from the exact LiveContext v0.2.14 ancestry with no PR25-specific adaptation
frontend/components/folders/DraggableResourceCard.tsx	UNCHANGED_UPSTREAM	Merged from the exact LiveContext v0.2.14 ancestry with no PR25-specific adaptation
frontend/components/folders/FolderDragContext.tsx	UNCHANGED_UPSTREAM	Merged from the exact LiveContext v0.2.14 ancestry with no PR25-specific adaptation
frontend/components/folders/InterfaceFolderFace.tsx	UNCHANGED_UPSTREAM	Merged from the exact LiveContext v0.2.14 ancestry with no PR25-specific adaptation
frontend/components/folders/ResourceFolderTile.tsx	UNCHANGED_UPSTREAM	Merged from the exact LiveContext v0.2.14 ancestry with no PR25-specific adaptation
frontend/components/folders/__tests__/ApplicationFolderFace.test.tsx	UNCHANGED_UPSTREAM	Merged from the exact LiveContext v0.2.14 ancestry with no PR25-specific adaptation
frontend/components/folders/__tests__/DraggableResourceCard.test.tsx	UNCHANGED_UPSTREAM	Merged from the exact LiveContext v0.2.14 ancestry with no PR25-specific adaptation
frontend/components/folders/__tests__/FolderDragContext.test.tsx	UNCHANGED_UPSTREAM	Merged from the exact LiveContext v0.2.14 ancestry with no PR25-specific adaptation
frontend/components/folders/__tests__/InterfaceFolderFace.test.tsx	UNCHANGED_UPSTREAM	Merged from the exact LiveContext v0.2.14 ancestry with no PR25-specific adaptation
frontend/components/folders/__tests__/ResourceFolderTile.test.tsx	UNCHANGED_UPSTREAM	Merged from the exact LiveContext v0.2.14 ancestry with no PR25-specific adaptation
frontend/components/interfaces/InterfaceViewerControls.tsx	UNCHANGED_UPSTREAM	Merged from the exact LiveContext v0.2.14 ancestry with no PR25-specific adaptation
frontend/components/interfaces/__tests__/InterfaceViewerControls.test.tsx	UNCHANGED_UPSTREAM	Merged from the exact LiveContext v0.2.14 ancestry with no PR25-specific adaptation
frontend/components/marketplace/ApplicationSettingsMenu.tsx	UNCHANGED_UPSTREAM	Merged from the exact LiveContext v0.2.14 ancestry with no PR25-specific adaptation
frontend/components/marketplace/__tests__/ApplicationSettingsMenuSound.test.tsx	UNCHANGED_UPSTREAM	Merged from the exact LiveContext v0.2.14 ancestry with no PR25-specific adaptation
frontend/components/settings/VersionCard.tsx	UNCHANGED_UPSTREAM	Merged from the exact LiveContext v0.2.14 ancestry with no PR25-specific adaptation
frontend/components/settings/__tests__/VersionCard.test.tsx	UNCHANGED_UPSTREAM	Merged from the exact LiveContext v0.2.14 ancestry with no PR25-specific adaptation
frontend/components/ui/__tests__/breadcrumb.favorite.test.tsx	UNCHANGED_UPSTREAM	Merged from the exact LiveContext v0.2.14 ancestry with no PR25-specific adaptation
frontend/components/ui/__tests__/panelDragHandle.test.ts	UNCHANGED_UPSTREAM	Merged from the exact LiveContext v0.2.14 ancestry with no PR25-specific adaptation
frontend/components/ui/breadcrumb.tsx	UNCHANGED_UPSTREAM	Merged from the exact LiveContext v0.2.14 ancestry with no PR25-specific adaptation
frontend/components/ui/panel-drag-handle.ts	UNCHANGED_UPSTREAM	Merged from the exact LiveContext v0.2.14 ancestry with no PR25-specific adaptation
frontend/components/views/AgentPageTabBar.tsx	UNCHANGED_UPSTREAM	Merged from the exact LiveContext v0.2.14 ancestry with no PR25-specific adaptation
frontend/components/views/AgentView.tsx	UNCHANGED_UPSTREAM	Merged from the exact LiveContext v0.2.14 ancestry with no PR25-specific adaptation
frontend/components/views/__tests__/AgentView.test.tsx	UNCHANGED_UPSTREAM	Merged from the exact LiveContext v0.2.14 ancestry with no PR25-specific adaptation
frontend/components/views/application/ApplicationDetailView.tsx	UNCHANGED_UPSTREAM	Merged from the exact LiveContext v0.2.14 ancestry with no PR25-specific adaptation
frontend/components/views/application/__tests__/ApplicationDetailView.canEdit.test.tsx	UNCHANGED_UPSTREAM	Merged from the exact LiveContext v0.2.14 ancestry with no PR25-specific adaptation
frontend/components/views/application/__tests__/ApplicationDetailView.remote.test.tsx	UNCHANGED_UPSTREAM	Merged from the exact LiveContext v0.2.14 ancestry with no PR25-specific adaptation
frontend/components/views/application/__tests__/ApplicationDetailView.settingsCog.test.tsx	UNCHANGED_UPSTREAM	Merged from the exact LiveContext v0.2.14 ancestry with no PR25-specific adaptation
frontend/components/views/application/__tests__/ApplicationDetailView.sound.test.tsx	UNCHANGED_UPSTREAM	Merged from the exact LiveContext v0.2.14 ancestry with no PR25-specific adaptation
frontend/components/views/project/ProjectDetailView.tsx	UNCHANGED_UPSTREAM	Merged from the exact LiveContext v0.2.14 ancestry with no PR25-specific adaptation
frontend/components/views/workflow/WorkflowDetailView.tsx	UNCHANGED_UPSTREAM	Merged from the exact LiveContext v0.2.14 ancestry with no PR25-specific adaptation
frontend/components/views/workflow/hooks/useWorkflowEventBridge.ts	UNCHANGED_UPSTREAM	Merged from the exact LiveContext v0.2.14 ancestry with no PR25-specific adaptation
frontend/components/workflow/ShareWorkflowModal.tsx	UNCHANGED_UPSTREAM	Merged from the exact LiveContext v0.2.14 ancestry with no PR25-specific adaptation
frontend/components/workflow/WorkflowRunCanvas.tsx	UNCHANGED_UPSTREAM	Merged from the exact LiveContext v0.2.14 ancestry with no PR25-specific adaptation
frontend/components/workflow/WorkflowRunSplitButton.tsx	UNCHANGED_UPSTREAM	Merged from the exact LiveContext v0.2.14 ancestry with no PR25-specific adaptation
frontend/components/workflow/WorkflowVersionHistory.tsx	UNCHANGED_UPSTREAM	Merged from the exact LiveContext v0.2.14 ancestry with no PR25-specific adaptation
frontend/components/workflow/relations/WorkflowRelationsAutoMenu.tsx	UNCHANGED_UPSTREAM	Merged from the exact LiveContext v0.2.14 ancestry with no PR25-specific adaptation
frontend/components/workflow/relations/WorkflowRelationsMenu.tsx	UNCHANGED_UPSTREAM	Merged from the exact LiveContext v0.2.14 ancestry with no PR25-specific adaptation
frontend/components/workflow/relations/__tests__/WorkflowRelationsMenu.test.tsx	UNCHANGED_UPSTREAM	Merged from the exact LiveContext v0.2.14 ancestry with no PR25-specific adaptation
frontend/components/workflow/relations/useWorkflowRelations.ts	UNCHANGED_UPSTREAM	Merged from the exact LiveContext v0.2.14 ancestry with no PR25-specific adaptation
frontend/components/workflow/run-panel/RunHistoryList.tsx	UNCHANGED_UPSTREAM	Merged from the exact LiveContext v0.2.14 ancestry with no PR25-specific adaptation
frontend/components/workflow/run-panel/RunPanelContent.tsx	UNCHANGED_UPSTREAM	Merged from the exact LiveContext v0.2.14 ancestry with no PR25-specific adaptation
frontend/components/workflow/run-panel/__tests__/RunPanelContent.test.tsx	UNCHANGED_UPSTREAM	Merged from the exact LiveContext v0.2.14 ancestry with no PR25-specific adaptation
frontend/contexts/SidePanelContext.tsx	UNCHANGED_UPSTREAM	Merged from the exact LiveContext v0.2.14 ancestry with no PR25-specific adaptation
frontend/contexts/SidePanelLayoutContext.tsx	UNCHANGED_UPSTREAM	Merged from the exact LiveContext v0.2.14 ancestry with no PR25-specific adaptation
frontend/contexts/WorkflowModeContext.tsx	UNCHANGED_UPSTREAM	Merged from the exact LiveContext v0.2.14 ancestry with no PR25-specific adaptation
frontend/contexts/__tests__/SidePanelLayoutContext.test.tsx	UNCHANGED_UPSTREAM	Merged from the exact LiveContext v0.2.14 ancestry with no PR25-specific adaptation
frontend/contexts/__tests__/WorkflowModeContext.applicationMode.test.tsx	UNCHANGED_UPSTREAM	Merged from the exact LiveContext v0.2.14 ancestry with no PR25-specific adaptation
frontend/contexts/__tests__/WorkflowModeContext.epochScope.test.tsx	UNCHANGED_UPSTREAM	Merged from the exact LiveContext v0.2.14 ancestry with no PR25-specific adaptation
frontend/contexts/__tests__/WorkflowModeContext.initialRunSwitch.test.tsx	UNCHANGED_UPSTREAM	Merged from the exact LiveContext v0.2.14 ancestry with no PR25-specific adaptation
frontend/contexts/__tests__/WorkflowModeContext.urlSyncedRun.test.tsx	UNCHANGED_UPSTREAM	Merged from the exact LiveContext v0.2.14 ancestry with no PR25-specific adaptation
frontend/hooks/__tests__/useAppVersion.test.tsx	UNCHANGED_UPSTREAM	Merged from the exact LiveContext v0.2.14 ancestry with no PR25-specific adaptation
frontend/hooks/__tests__/useBreadcrumbs.resourceFolders.test.tsx	UNCHANGED_UPSTREAM	Merged from the exact LiveContext v0.2.14 ancestry with no PR25-specific adaptation
frontend/hooks/__tests__/useFloatingPanelRect.test.ts	UNCHANGED_UPSTREAM	Merged from the exact LiveContext v0.2.14 ancestry with no PR25-specific adaptation
frontend/hooks/__tests__/useInterfaceViewerControls.test.tsx	UNCHANGED_UPSTREAM	Merged from the exact LiveContext v0.2.14 ancestry with no PR25-specific adaptation
frontend/hooks/__tests__/useListFolders.drag.test.tsx	UNCHANGED_UPSTREAM	Merged from the exact LiveContext v0.2.14 ancestry with no PR25-specific adaptation
frontend/hooks/__tests__/useListFolders.navigation.test.tsx	UNCHANGED_UPSTREAM	Merged from the exact LiveContext v0.2.14 ancestry with no PR25-specific adaptation
frontend/hooks/__tests__/useWorkflowSaveState.test.tsx	UNCHANGED_UPSTREAM	Merged from the exact LiveContext v0.2.14 ancestry with no PR25-specific adaptation
frontend/hooks/useAppVersion.ts	UNCHANGED_UPSTREAM	Merged from the exact LiveContext v0.2.14 ancestry with no PR25-specific adaptation
frontend/hooks/useBreadcrumbs.ts	UNCHANGED_UPSTREAM	Merged from the exact LiveContext v0.2.14 ancestry with no PR25-specific adaptation
frontend/hooks/useEnterRunMode.ts	UNCHANGED_UPSTREAM	Merged from the exact LiveContext v0.2.14 ancestry with no PR25-specific adaptation
frontend/hooks/useFloatingPanelRect.ts	UNCHANGED_UPSTREAM	Merged from the exact LiveContext v0.2.14 ancestry with no PR25-specific adaptation
frontend/hooks/useInterfaceViewerControls.ts	UNCHANGED_UPSTREAM	Merged from the exact LiveContext v0.2.14 ancestry with no PR25-specific adaptation
frontend/hooks/useListFolders.ts	UNCHANGED_UPSTREAM	Merged from the exact LiveContext v0.2.14 ancestry with no PR25-specific adaptation
frontend/hooks/useWorkflowSaveState.ts	UNCHANGED_UPSTREAM	Merged from the exact LiveContext v0.2.14 ancestry with no PR25-specific adaptation
frontend/lib/api/orchestrator/__tests__/file.service.test.ts	UNCHANGED_UPSTREAM	Merged from the exact LiveContext v0.2.14 ancestry with no PR25-specific adaptation
frontend/lib/api/orchestrator/file.service.ts	UNCHANGED_UPSTREAM	Merged from the exact LiveContext v0.2.14 ancestry with no PR25-specific adaptation
frontend/lib/api/orchestrator/index.ts	UNCHANGED_UPSTREAM	Merged from the exact LiveContext v0.2.14 ancestry with no PR25-specific adaptation
frontend/lib/api/orchestrator/publication.service.ts	UNCHANGED_UPSTREAM	Merged from the exact LiveContext v0.2.14 ancestry with no PR25-specific adaptation
frontend/lib/api/orchestrator/types.ts	UNCHANGED_UPSTREAM	Merged from the exact LiveContext v0.2.14 ancestry with no PR25-specific adaptation
frontend/lib/api/orchestrator/workflow.service.ts	UNCHANGED_UPSTREAM	Merged from the exact LiveContext v0.2.14 ancestry with no PR25-specific adaptation
frontend/lib/applications/__tests__/showcasePreview.test.ts	UNCHANGED_UPSTREAM	Merged from the exact LiveContext v0.2.14 ancestry with no PR25-specific adaptation
frontend/lib/applications/showcasePreview.ts	UNCHANGED_UPSTREAM	Merged from the exact LiveContext v0.2.14 ancestry with no PR25-specific adaptation
frontend/lib/datatable/__tests__/assetValue.overclaim.test.ts	UNCHANGED_UPSTREAM	Merged from the exact LiveContext v0.2.14 ancestry with no PR25-specific adaptation
frontend/lib/datatable/__tests__/assetValue.test.ts	UNCHANGED_UPSTREAM	Merged from the exact LiveContext v0.2.14 ancestry with no PR25-specific adaptation
frontend/lib/datatable/assetValue.ts	UNCHANGED_UPSTREAM	Merged from the exact LiveContext v0.2.14 ancestry with no PR25-specific adaptation
frontend/lib/dnd/__tests__/dragGuards.test.tsx	UNCHANGED_UPSTREAM	Merged from the exact LiveContext v0.2.14 ancestry with no PR25-specific adaptation
frontend/lib/dnd/__tests__/primaryMouseSensor.test.ts	UNCHANGED_UPSTREAM	Merged from the exact LiveContext v0.2.14 ancestry with no PR25-specific adaptation
frontend/lib/dnd/__tests__/useDragSensors.test.tsx	UNCHANGED_UPSTREAM	Merged from the exact LiveContext v0.2.14 ancestry with no PR25-specific adaptation
frontend/lib/dnd/dragGuards.ts	UNCHANGED_UPSTREAM	Merged from the exact LiveContext v0.2.14 ancestry with no PR25-specific adaptation
frontend/lib/dnd/primaryMouseSensor.ts	UNCHANGED_UPSTREAM	Merged from the exact LiveContext v0.2.14 ancestry with no PR25-specific adaptation
frontend/lib/dnd/useDragSensors.ts	UNCHANGED_UPSTREAM	Merged from the exact LiveContext v0.2.14 ancestry with no PR25-specific adaptation
frontend/lib/files/filesViewPreferences.ts	UNCHANGED_UPSTREAM	Merged from the exact LiveContext v0.2.14 ancestry with no PR25-specific adaptation
frontend/lib/folders/__tests__/foldersHeaderBus.test.ts	UNCHANGED_UPSTREAM	Merged from the exact LiveContext v0.2.14 ancestry with no PR25-specific adaptation
frontend/lib/folders/foldersHeaderBus.ts	UNCHANGED_UPSTREAM	Merged from the exact LiveContext v0.2.14 ancestry with no PR25-specific adaptation
frontend/lib/folders/testing/__tests__/fakeFolderRouter.test.ts	UNCHANGED_UPSTREAM	Merged from the exact LiveContext v0.2.14 ancestry with no PR25-specific adaptation
frontend/lib/folders/testing/fakeFolderRouter.ts	UNCHANGED_UPSTREAM	Merged from the exact LiveContext v0.2.14 ancestry with no PR25-specific adaptation
frontend/lib/interfaces/__tests__/interfaceViewerBus.test.ts	UNCHANGED_UPSTREAM	Merged from the exact LiveContext v0.2.14 ancestry with no PR25-specific adaptation
frontend/lib/interfaces/interfaceViewerBus.ts	UNCHANGED_UPSTREAM	Merged from the exact LiveContext v0.2.14 ancestry with no PR25-specific adaptation
frontend/lib/navigation/__tests__/showSamePageUrl.test.ts	UNCHANGED_UPSTREAM	Merged from the exact LiveContext v0.2.14 ancestry with no PR25-specific adaptation
frontend/lib/navigation/showSamePageUrl.ts	UNCHANGED_UPSTREAM	Merged from the exact LiveContext v0.2.14 ancestry with no PR25-specific adaptation
frontend/lib/sidePanel/__tests__/tabResource.noHandBuiltIds.test.ts	UNCHANGED_UPSTREAM	Merged from the exact LiveContext v0.2.14 ancestry with no PR25-specific adaptation
frontend/lib/sidePanel/openWorkflowBuilderTab.ts	UNCHANGED_UPSTREAM	Merged from the exact LiveContext v0.2.14 ancestry with no PR25-specific adaptation
frontend/lib/sidePanel/togglePanelFromHeader.ts	UNCHANGED_UPSTREAM	Merged from the exact LiveContext v0.2.14 ancestry with no PR25-specific adaptation
frontend/lib/stores/__tests__/interfacePaginationCarousel.test.ts	UNCHANGED_UPSTREAM	Merged from the exact LiveContext v0.2.14 ancestry with no PR25-specific adaptation
frontend/lib/stores/interface-pagination-store.ts	UNCHANGED_UPSTREAM	Merged from the exact LiveContext v0.2.14 ancestry with no PR25-specific adaptation
frontend/lib/workflow/__tests__/workflowEventScope.test.ts	UNCHANGED_UPSTREAM	Merged from the exact LiveContext v0.2.14 ancestry with no PR25-specific adaptation
frontend/lib/workflow/workflowEventScope.ts	UNCHANGED_UPSTREAM	Merged from the exact LiveContext v0.2.14 ancestry with no PR25-specific adaptation
frontend/messages/de.json	TRINYX_ADAPTATION_REQUIRED	Trinyx localized product copy overlay
frontend/messages/en.json	TRINYX_ADAPTATION_REQUIRED	Trinyx localized product copy overlay
frontend/messages/es.json	TRINYX_ADAPTATION_REQUIRED	Trinyx localized product copy overlay
frontend/messages/fr.json	TRINYX_ADAPTATION_REQUIRED	Trinyx localized product copy overlay
frontend/messages/pt.json	TRINYX_ADAPTATION_REQUIRED	Trinyx localized product copy overlay
frontend/messages/zh.json	TRINYX_ADAPTATION_REQUIRED	Trinyx localized product copy overlay
frontend/types/data-sources.ts	UNCHANGED_UPSTREAM	Merged from the exact LiveContext v0.2.14 ancestry with no PR25-specific adaptation
mcp/bridge/Dockerfile	UNCHANGED_UPSTREAM	Merged from the exact LiveContext v0.2.14 ancestry with no PR25-specific adaptation
mcp/bridge/test/dockerContextHygiene.test.mjs	UNCHANGED_UPSTREAM	Merged from the exact LiveContext v0.2.14 ancestry with no PR25-specific adaptation
